frame_idx,start_ms,end_ms,f1,p1,f2,p2,f3,p3,f4,p4,f5,p5
0,0.0,42.67,93.8,5.05,117.2,4.88,46.9,3.48,164.1,3.28,140.6,2.59
1,10.67,53.33,93.8,7.1,70.3,6.51,46.9,5.31,164.1,2.93,468.8,2.07
2,21.33,64.0,93.8,9.39,70.3,7.76,117.2,5.92,140.6,5.24,46.9,5.19
3,32.0,74.67,93.8,10.37,140.6,7.92,164.1,7.03,46.9,5.45,70.3,4.65
4,42.67,85.33,140.6,10.13,70.3,8.87,46.9,8.42,164.1,7.88,93.8,7.88
5,53.33,96.0,140.6,10.85,46.9,9.72,164.1,7.32,93.8,5.99,70.3,4.84
6,64.0,106.67,140.6,13.13,164.1,10.98,93.8,8.55,70.3,8.15,117.2,5.92
7,74.67,117.33,164.1,13.5,140.6,13.23,93.8,10.2,70.3,8.94,117.2,5.57
8,85.33,128.0,164.1,10.29,46.9,9.71,93.8,7.82,140.6,7.79,70.3,7.25
9,96.0,138.67,46.9,8.55,164.1,7.22,70.3,6.65,93.8,6.35,140.6,6.11
10,106.67,149.33,93.8,11.29,140.6,7.88,117.2,5.69,46.9,5.51,70.3,5.06
11,117.33,160.0,93.8,13.1,140.6,11.9,70.3,11.86,164.1,9.43,46.9,8.18
12,128.0,170.67,164.1,18.31,140.6,15.57,93.8,12.91,46.9,10.48,117.2,9.41
13,138.67,181.33,164.1,15.74,46.9,13.46,140.6,12.84,93.8,12.76,70.3,10.48
14,149.33,192.0,46.9,17.76,140.6,10.42,23.4,9.57,70.3,9.56,164.1,9.0
15,160.0,202.67,46.9,16.33,70.3,11.37,164.1,10.63,93.8,9.64,23.4,9.57
16,170.67,213.33,93.8,15.92,46.9,9.93,70.3,8.61,23.4,7.76,164.1,7.55
17,181.33,224.0,93.8,15.84,70.3,12.46,46.9,10.24,117.2,7.86,23.4,6.31
18,192.0,234.67,93.8,15.89,46.9,11.92,117.2,8.4,23.4,6.0,140.6,5.76
19,202.67,245.33,93.8,18.64,70.3,15.4,46.9,10.62,117.2,8.69,187.5,6.98
20,213.33,256.0,93.8,20.7,117.2,14.35,164.1,14.31,140.6,13.99,187.5,10.92
21,224.0,266.67,164.1,20.72,93.8,19.07,140.6,16.07,117.2,12.07,187.5,11.39
22,234.67,277.33,93.8,21.78,187.5,17.5,117.2,12.96,164.1,12.11,70.3,10.31
23,245.33,288.0,93.8,23.29,164.1,17.98,70.3,16.99,140.6,14.89,187.5,14.06
24,256.0,298.67,140.6,20.96,164.1,20.25,46.9,19.01,93.8,17.9,70.3,12.2
25,266.67,309.33,46.9,25.23,164.1,25.08,93.8,21.83,70.3,20.02,187.5,17.67
26,277.33,320.0,93.8,24.64,187.5,24.31,46.9,23.73,70.3,21.62,164.1,20.5
27,288.0,330.67,187.5,23.97,93.8,23.75,46.9,20.24,164.1,19.97,117.2,13.98
28,298.67,341.33,93.8,24.09,70.3,23.22,187.5,17.14,46.9,14.12,164.1,10.59
29,309.33,352.0,93.8,17.96,117.2,10.74,187.5,7.91,46.9,6.8,70.3,6.09
30,320.0,362.67,93.8,20.78,140.6,13.9,117.2,11.56,164.1,9.93,70.3,9.75
31,330.67,373.33,93.8,26.33,164.1,25.57,70.3,23.48,140.6,21.02,117.2,16.21
32,341.33,384.0,46.9,20.87,164.1,20.85,93.8,18.61,187.5,18.19,140.6,16.57
33,352.0,394.67,46.9,24.83,70.3,19.38,93.8,19.14,187.5,14.53,140.6,11.86
34,362.67,405.33,93.8,24.57,70.3,20.19,46.9,20.13,187.5,18.88,164.1,15.34
35,373.33,416.0,187.5,23.15,93.8,20.2,164.1,19.1,46.9,14.86,23.4,12.75
36,384.0,426.67,46.9,21.15,187.5,20.33,93.8,17.85,164.1,16.58,23.4,14.91
37,394.67,437.33,46.9,26.74,70.3,21.86,93.8,20.35,187.5,20.06,23.4,15.92
38,405.33,448.0,46.9,29.93,187.5,21.63,164.1,20.59,93.8,20.41,140.6,16.84
39,416.0,458.67,70.3,29.28,46.9,26.49,93.8,25.98,187.5,24.03,140.6,23.43
40,426.67,469.33,164.1,34.66,187.5,33.74,93.8,29.47,70.3,23.73,140.6,22.07
41,437.33,480.0,187.5,37.06,93.8,22.89,164.1,22.79,70.3,14.25,210.9,14.14
42,448.0,490.67,187.5,36.81,164.1,23.58,93.8,19.63,46.9,18.18,23.4,14.15
43,458.67,501.33,187.5,35.66,164.1,26.36,93.8,25.02,210.9,15.85,117.2,14.38
44,469.33,512.0,187.5,28.15,93.8,23.72,164.1,18.13,46.9,15.79,70.3,15.59
45,480.0,522.67,187.5,21.82,93.8,19.58,46.9,18.31,23.4,17.13,210.9,14.83
46,490.67,533.33,187.5,23.39,164.1,21.79,93.8,21.33,140.6,15.0,70.3,14.42
47,501.33,544.0,187.5,30.21,93.8,29.33,70.3,20.79,164.1,19.85,117.2,18.63
48,512.0,554.67,187.5,33.22,164.1,30.46,93.8,27.48,70.3,23.73,46.9,15.68
49,522.67,565.33,187.5,31.71,164.1,26.44,93.8,25.75,117.2,18.56,46.9,14.36
50,533.33,576.0,70.3,29.79,93.8,26.82,187.5,25.21,46.9,24.08,164.1,13.12
51,544.0,586.67,46.9,35.99,187.5,23.28,93.8,21.45,23.4,18.37,117.2,15.22
52,554.67,597.33,46.9,38.27,187.5,28.17,70.3,27.72,23.4,24.65,93.8,23.04
53,565.33,608.0,46.9,31.03,187.5,29.47,23.4,25.21,93.8,21.46,164.1,19.27
54,576.0,618.67,46.9,29.57,187.5,22.7,23.4,20.3,70.3,14.94,93.8,14.5
55,586.67,629.33,46.9,36.79,93.8,21.01,23.4,18.32,70.3,17.67,117.2,17.31
56,597.33,640.0,46.9,45.13,23.4,27.33,70.3,23.93,93.8,20.21,187.5,14.74
57,608.0,650.67,46.9,52.06,23.4,31.75,70.3,23.91,93.8,18.53,187.5,15.63
58,618.67,661.33,46.9,51.64,23.4,33.35,70.3,27.8,93.8,19.21,187.5,18.53
59,629.33,672.0,46.9,44.27,23.4,32.58,93.8,14.14,70.3,12.95,187.5,12.79
60,640.0,682.67,46.9,42.0,23.4,27.55,164.1,19.29,140.6,18.53,187.5,16.47
61,650.67,693.33,46.9,33.87,164.1,25.13,187.5,22.56,70.3,22.28,23.4,21.33
62,661.33,704.0,93.8,21.87,187.5,19.58,46.9,17.42,23.4,15.77,70.3,11.76
63,672.0,714.67,93.8,18.59,164.1,17.04,187.5,14.98,117.2,12.89,23.4,12.05
64,682.67,725.33,93.8,24.07,70.3,19.49,164.1,17.77,46.9,16.01,140.6,11.36
65,693.33,736.0,93.8,24.61,70.3,24.37,46.9,15.31,117.2,13.71,164.1,11.6
66,704.0,746.67,93.8,14.92,117.2,12.21,46.9,10.67,187.5,9.75,445.3,7.03
67,714.67,757.33,93.8,17.74,187.5,17.65,70.3,16.94,164.1,14.08,140.6,10.72
68,725.33,768.0,164.1,22.35,187.5,21.53,93.8,15.85,140.6,14.82,70.3,14.37
69,736.0,778.67,187.5,24.15,140.6,17.61,23.4,12.81,117.2,12.26,234.4,9.35
70,746.67,789.33,187.5,35.08,164.1,32.96,46.9,28.09,140.6,26.15,23.4,21.39
71,757.33,800.0,46.9,47.17,187.5,35.91,23.4,29.64,70.3,27.05,140.6,23.13
72,768.0,810.67,46.9,51.31,187.5,33.65,23.4,30.16,164.1,24.76,70.3,22.4
73,778.67,821.33,46.9,41.24,187.5,33.96,23.4,26.18,70.3,24.39,164.1,21.67
74,789.33,832.0,187.5,34.11,46.9,27.72,164.1,19.56,23.4,19.3,210.9,16.36
75,800.0,842.67,187.5,37.59,46.9,23.84,210.9,21.21,23.4,17.42,164.1,15.28
76,810.67,853.33,187.5,35.23,164.1,31.21,46.9,28.75,23.4,21.1,140.6,15.39
77,821.33,864.0,46.9,32.07,187.5,30.86,23.4,22.27,164.1,20.99,140.6,14.4
78,832.0,874.67,187.5,28.59,46.9,24.73,23.4,18.24,164.1,17.09,140.6,15.55
79,842.67,885.33,164.1,24.6,140.6,24.0,187.5,21.76,46.9,16.32,23.4,12.17
80,853.33,896.0,140.6,26.82,187.5,17.47,117.2,14.48,93.8,14.41,164.1,13.04
81,864.0,906.67,164.1,28.58,187.5,26.57,140.6,17.68,70.3,17.04,46.9,14.85
82,874.67,917.33,187.5,31.6,46.9,19.63,70.3,16.61,164.1,15.56,93.8,12.43
83,885.33,928.0,187.5,31.73,164.1,22.18,46.9,16.93,210.9,14.61,93.8,13.37
84,896.0,938.67,187.5,28.35,46.9,24.6,164.1,15.07,23.4,13.94,210.9,13.77
85,906.67,949.33,46.9,28.03,187.5,23.83,70.3,18.58,210.9,15.06,23.4,14.9
86,917.33,960.0,187.5,29.51,164.1,22.75,46.9,20.09,70.3,13.74,23.4,12.68
87,928.0,970.67,187.5,31.06,164.1,29.66,140.6,21.43,210.9,16.03,117.2,11.11
88,938.67,981.33,187.5,23.31,140.6,20.34,210.9,14.42,93.8,9.1,46.9,8.34
89,949.33,992.0,140.6,22.28,187.5,17.84,117.2,17.09,164.1,16.74,93.8,12.4
90,960.0,1002.67,140.6,26.6,187.5,18.87,117.2,15.19,281.2,12.81,210.9,12.66
91,970.67,1013.33,164.1,24.44,187.5,21.11,140.6,17.6,281.2,16.21,257.8,14.12
92,981.33,1024.0,93.8,16.79,281.2,15.55,70.3,15.07,187.5,12.19,304.7,11.04
93,992.0,1034.67,93.8,24.42,70.3,19.27,117.2,15.73,23.4,12.56,281.2,12.47
94,1002.67,1045.33,70.3,17.28,46.9,16.8,93.8,14.87,23.4,11.32,140.6,11.15
95,1013.33,1056.0,117.2,9.05,140.6,8.91,164.1,8.45,70.3,7.93,23.4,7.6
96,1024.0,1066.67,93.8,13.53,70.3,10.68,117.2,9.31,46.9,8.74,23.4,7.49
97,1034.67,1077.33,93.8,17.76,46.9,14.84,23.4,9.9,117.2,9.57,164.1,9.31
98,1045.33,1088.0,46.9,22.82,70.3,19.25,93.8,15.9,23.4,13.29,164.1,11.08
99,1056.0,1098.67,46.9,25.59,23.4,13.86,93.8,10.86,140.6,8.24,164.1,8.05
100,1066.67,1109.33,46.9,19.49,70.3,15.83,23.4,14.94,93.8,13.24,164.1,10.63
101,1077.33,1120.0,93.8,21.48,46.9,15.8,164.1,14.78,70.3,10.63,117.2,10.6
102,1088.0,1130.67,70.3,23.58,93.8,20.68,46.9,18.66,187.5,16.44,164.1,15.92
103,1098.67,1141.33,46.9,23.02,93.8,15.53,187.5,15.33,23.4,9.78,140.6,8.5
104,1109.33,1152.0,46.9,32.62,70.3,25.92,23.4,16.52,93.8,15.69,187.5,15.65
105,1120.0,1162.67,46.9,44.04,23.4,20.31,70.3,19.89,187.5,19.84,93.8,13.38
106,1130.67,1173.33,46.9,49.76,70.3,32.87,187.5,29.54,23.4,27.42,164.1,24.62
107,1141.33,1184.0,46.9,46.56,187.5,36.66,23.4,32.6,164.1,30.93,93.8,20.81
108,1152.0,1194.67,46.9,35.31,187.5,31.83,70.3,31.76,93.8,28.74,23.4,26.51
109,1162.67,1205.33,93.8,37.46,187.5,28.04,70.3,22.24,23.4,17.41,46.9,13.33
110,1173.33,1216.0,187.5,33.99,93.8,29.59,164.1,27.58,70.3,23.37,117.2,18.81
111,1184.0,1226.67,187.5,40.57,210.9,20.78,164.1,20.65,93.8,19.04,70.3,10.39
112,1194.67,1237.33,187.5,39.99,164.1,26.79,46.9,18.92,70.3,16.65,210.9,16.25
113,1205.33,1248.0,187.5,35.95,46.9,23.25,164.1,21.57,210.9,18.13,23.4,17.16
114,1216.0,1258.67,187.5,29.37,23.4,23.21,46.9,18.76,93.8,18.72,164.1,16.06
115,1226.67,1269.33,46.9,44.51,70.3,38.81,23.4,28.21,187.5,25.29,93.8,22.95
116,1237.33,1280.0,46.9,47.07,70.3,33.59,23.4,28.04,187.5,26.75,93.8,15.51
117,1248.0,1290.67,187.5,29.1,164.1,20.86,23.4,20.69,46.9,20.27,210.9,15.51
118,1258.67,1301.33,187.5,23.01,164.1,17.27,23.4,11.81,281.2,11.43,46.9,10.78
119,1269.33,1312.0,46.9,20.8,187.5,14.51,70.3,10.98,140.6,9.36,23.4,9.24
120,1280.0,1322.67,46.9,33.15,70.3,20.67,187.5,17.48,23.4,16.48,164.1,14.08
121,1290.67,1333.33,46.9,40.98,70.3,33.27,187.5,20.55,23.4,18.24,164.1,17.72
122,1301.33,1344.0,46.9,34.64,70.3,23.97,187.5,18.18,164.1,15.17,23.4,11.83
123,1312.0,1354.67,46.9,31.12,187.5,20.18,23.4,16.43,210.9,13.77,164.1,11.84
124,1322.67,1365.33,46.9,42.79,23.4,26.9,70.3,19.36,187.5,16.85,210.9,12.52
125,1333.33,1376.0,46.9,52.45,70.3,34.6,23.4,28.57,187.5,17.32,164.1,13.46
126,1344.0,1386.67,46.9,46.58,70.3,23.35,23.4,22.07,164.1,20.93,187.5,16.3
127,1354.67,1397.33,46.9,37.56,23.4,20.7,70.3,18.79,140.6,15.01,164.1,13.89
128,1365.33,1408.0,46.9,36.41,23.4,21.19,93.8,13.28,117.2,12.35,70.3,11.37
129,1376.0,1418.67,46.9,34.76,70.3,22.74,23.4,20.6,93.8,17.36,117.2,15.11
130,1386.67,1429.33,46.9,22.96,187.5,20.51,23.4,19.9,210.9,12.47,164.1,11.33
131,1397.33,1440.0,187.5,28.42,164.1,19.86,23.4,19.2,210.9,13.44,46.9,12.94
132,1408.0,1450.67,187.5,27.06,46.9,26.36,164.1,22.82,70.3,22.71,23.4,18.75
133,1418.67,1461.33,46.9,25.02,187.5,18.25,93.8,14.55,164.1,14.48,23.4,13.2
134,1429.33,1472.0,46.9,22.33,70.3,15.32,187.5,8.86,93.8,8.68,23.4,8.43
135,1440.0,1482.67,46.9,28.92,23.4,14.07,70.3,12.78,93.8,10.33,117.2,10.16
136,1450.67,1493.33,46.9,33.52,70.3,20.94,23.4,19.44,93.8,13.39,117.2,10.46
137,1461.33,1504.0,46.9,32.58,23.4,20.54,234.4,12.44,164.1,11.84,70.3,10.01
138,1472.0,1514.67,70.3,28.41,46.9,20.37,23.4,15.02,93.8,14.94,164.1,14.02
139,1482.67,1525.33,70.3,38.34,93.8,25.58,46.9,17.39,23.4,15.57,164.1,8.53
140,1493.33,1536.0,46.9,37.68,70.3,34.11,23.4,20.53,93.8,17.1,210.9,8.73
141,1504.0,1546.67,46.9,26.57,23.4,17.2,70.3,11.46,187.5,9.61,210.9,7.68
142,1514.67,1557.33,46.9,15.18,187.5,13.51,117.2,11.24,140.6,10.63,70.3,8.78
143,1525.33,1568.0,187.5,19.69,46.9,16.35,117.2,13.91,210.9,12.8,70.3,12.47
144,1536.0,1578.67,187.5,31.56,70.3,22.66,46.9,21.98,164.1,20.88,210.9,19.08
145,1546.67,1589.33,187.5,40.29,164.1,25.27,46.9,22.53,210.9,17.53,281.2,17.23
146,1557.33,1600.0,187.5,40.85,164.1,29.14,46.9,19.91,23.4,18.29,93.8,17.96
147,1568.0,1610.67,46.9,41.05,187.5,36.08,70.3,28.17,23.4,27.55,164.1,21.27
148,1578.67,1621.33,46.9,57.44,23.4,33.36,70.3,29.3,187.5,26.58,210.9,12.18
149,1589.33,1632.0,46.9,50.14,70.3,31.5,23.4,30.45,187.5,24.25,164.1,19.65
150,1600.0,1642.67,46.9,25.42,23.4,25.19,187.5,24.43,70.3,16.86,164.1,14.13
151,1610.67,1653.33,187.5,24.5,46.9,24.43,23.4,23.22,164.1,17.7,70.3,15.64
152,1621.33,1664.0,46.9,36.62,187.5,24.27,70.3,22.22,23.4,22.1,164.1,18.97
153,1632.0,1674.67,46.9,35.16,187.5,15.79,70.3,15.43,23.4,14.92,164.1,7.78
154,1642.67,1685.33,46.9,40.12,70.3,30.61,187.5,14.44,23.4,12.84,93.8,11.54
155,1653.33,1696.0,46.9,40.83,70.3,36.88,23.4,22.63,187.5,22.42,210.9,14.8
156,1664.0,1706.67,187.5,25.18,23.4,21.65,93.8,21.12,70.3,19.34,210.9,16.57
157,1674.67,1717.33,164.1,21.84,187.5,18.63,117.2,15.9,23.4,15.39,140.6,14.48
158,1685.33,1728.0,164.1,16.41,140.6,15.29,46.9,15.04,23.4,13.43,187.5,9.7
159,1696.0,1738.67,46.9,25.56,23.4,13.41,70.3,12.94,257.8,6.38,93.8,6.1
160,1706.67,1749.33,46.9,36.2,70.3,31.31,23.4,16.51,93.8,10.85,257.8,5.71
161,1717.33,1760.0,70.3,36.97,46.9,25.59,93.8,17.26,23.4,11.83,140.6,9.79
162,1728.0,1770.67,70.3,29.14,46.9,24.75,23.4,12.85,140.6,9.74,93.8,8.34
163,1738.67,1781.33,23.4,24.99,46.9,20.54,70.3,17.76,93.8,11.74,140.6,9.05
164,1749.33,1792.0,23.4,34.36,46.9,27.69,70.3,22.0,140.6,16.4,164.1,16.05
165,1760.0,1802.67,46.9,51.39,23.4,43.93,140.6,18.34,93.8,15.36,117.2,15.24
166,1770.67,1813.33,46.9,61.99,23.4,44.89,70.3,32.54,93.8,25.49,164.1,18.67
167,1781.33,1824.0,46.9,54.13,23.4,37.3,117.2,21.89,93.8,20.69,70.3,19.52
168,1792.0,1834.67,46.9,44.83,23.4,26.9,164.1,18.83,70.3,17.9,117.2,16.69
169,1802.67,1845.33,46.9,47.33,70.3,29.03,140.6,23.31,23.4,19.69,164.1,16.99
170,1813.33,1856.0,46.9,53.16,70.3,27.35,23.4,23.61,140.6,23.27,117.2,16.99
171,1824.0,1866.67,46.9,54.44,70.3,35.53,23.4,31.11,140.6,22.48,164.1,15.46
172,1834.67,1877.33,46.9,35.37,23.4,33.03,70.3,17.93,140.6,17.22,93.8,16.94
173,1845.33,1888.0,23.4,31.55,46.9,23.7,140.6,16.11,93.8,15.44,164.1,11.18
174,1856.0,1898.67,23.4,31.6,46.9,27.59,140.6,17.96,93.8,15.93,117.2,15.72
175,1866.67,1909.33,46.9,36.86,23.4,32.27,164.1,16.67,93.8,16.42,140.6,14.81
176,1877.33,1920.0,46.9,44.85,23.4,34.92,70.3,20.45,117.2,18.85,93.8,15.72
177,1888.0,1930.67,46.9,47.39,23.4,35.84,93.8,14.0,70.3,13.78,117.2,12.46
178,1898.67,1941.33,46.9,39.86,23.4,31.3,70.3,18.79,93.8,10.38,140.6,9.03
179,1909.33,1952.0,46.9,27.66,23.4,23.05,140.6,11.16,93.8,11.03,70.3,9.51
180,1920.0,1962.67,140.6,24.69,117.2,24.32,93.8,23.17,23.4,18.76,164.1,16.65
181,1930.67,1973.33,46.9,28.5,140.6,25.95,164.1,24.28,117.2,21.71,70.3,20.08
182,1941.33,1984.0,46.9,39.44,70.3,23.32,23.4,22.01,140.6,19.77,187.5,16.35
183,1952.0,1994.67,46.9,34.73,140.6,24.65,164.1,24.36,23.4,20.39,93.8,18.43
184,1962.67,2005.33,46.9,38.57,164.1,21.55,140.6,21.25,23.4,21.06,70.3,16.45
185,1973.33,2016.0,46.9,66.98,70.3,36.55,23.4,36.44,140.6,22.03,164.1,17.76
186,1984.0,2026.67,46.9,89.37,70.3,59.69,23.4,52.18,93.8,18.06,140.6,17.64
187,1994.67,2037.33,46.9,72.45,23.4,51.27,70.3,36.07,140.6,18.04,117.2,17.48
188,2005.33,2048.0,46.9,41.98,23.4,34.86,140.6,16.7,117.2,11.73,70.3,10.72
189,2016.0,2058.67,46.9,32.31,140.6,18.27,23.4,18.26,117.2,15.09,187.5,10.85
190,2026.67,2069.33,46.9,33.37,70.3,25.5,140.6,17.51,164.1,17.25,187.5,16.87
191,2037.33,2080.0,46.9,45.1,70.3,41.22,187.5,15.61,93.8,11.31,23.4,11.15
192,2048.0,2090.67,46.9,62.61,70.3,42.2,23.4,32.75,187.5,12.67,164.1,8.65
193,2058.67,2101.33,46.9,54.03,23.4,48.7,70.3,22.19,164.1,11.26,93.8,11.14
194,2069.33,2112.0,23.4,53.78,46.9,44.4,117.2,11.24,281.2,10.84,187.5,9.93
195,2080.0,2122.67,46.9,70.73,23.4,53.17,70.3,32.26,93.8,12.2,187.5,11.64
196,2090.67,2133.33,46.9,81.39,23.4,47.56,70.3,34.96,187.5,13.56,164.1,9.69
197,2101.33,2144.0,46.9,79.51,23.4,43.72,70.3,40.01,93.8,13.64,210.9,11.91
198,2112.0,2154.67,46.9,64.35,70.3,40.24,23.4,37.29,93.8,18.79,140.6,9.94
199,2122.67,2165.33,46.9,36.87,70.3,25.04,117.2,20.25,23.4,18.65,140.6,14.14
200,2133.33,2176.0,70.3,23.46,46.9,23.45,93.8,16.49,140.6,13.57,117.2,13.53
201,2144.0,2186.67,46.9,31.31,187.5,20.91,23.4,17.32,70.3,15.67,93.8,15.53
202,2154.67,2197.33,70.3,35.74,93.8,33.83,187.5,29.05,46.9,22.84,117.2,20.98
203,2165.33,2208.0,93.8,32.84,187.5,29.12,70.3,25.26,164.1,19.51,210.9,14.34
204,2176.0,2218.67,93.8,22.43,187.5,22.21,164.1,14.48,117.2,13.11,70.3,13.1
205,2186.67,2229.33,187.5,27.46,210.9,15.15,46.9,14.47,164.1,13.37,93.8,12.76
206,2197.33,2240.0,187.5,35.06,164.1,28.2,210.9,21.59,46.9,20.64,140.6,14.46
207,2208.0,2250.67,70.3,33.37,46.9,28.86,187.5,26.13,93.8,17.87,140.6,14.3
208,2218.67,2261.33,46.9,43.77,70.3,24.7,23.4,21.74,187.5,19.49,257.8,14.36
209,2229.33,2272.0,46.9,49.2,23.4,31.83,70.3,27.37,187.5,19.41,117.2,19.24
210,2240.0,2282.67,46.9,42.24,23.4,31.5,187.5,25.35,164.1,24.45,93.8,17.25
211,2250.67,2293.33,187.5,30.65,46.9,27.54,23.4,24.1,164.1,24.09,70.3,17.64
212,2261.33,2304.0,187.5,21.97,23.4,19.04,164.1,15.99,93.8,14.41,46.9,13.32
213,2272.0,2314.67,93.8,22.56,23.4,19.09,46.9,17.77,117.2,16.93,187.5,16.2
214,2282.67,2325.33,46.9,33.27,70.3,26.06,23.4,23.74,93.8,23.19,187.5,20.29
215,2293.33,2336.0,46.9,51.52,187.5,32.23,164.1,31.25,23.4,26.7,70.3,26.32
216,2304.0,2346.67,46.9,46.8,70.3,40.81,117.2,35.95,187.5,34.65,93.8,33.17
217,2314.67,2357.33,117.2,31.51,187.5,31.03,93.8,30.66,70.3,27.23,164.1,24.11
218,2325.33,2368.0,140.6,30.7,187.5,23.87,117.2,16.52,93.8,13.78,210.9,10.65
219,2336.0,2378.67,117.2,31.8,140.6,26.44,93.8,25.68,164.1,22.4,187.5,17.42
220,2346.67,2389.33,93.8,23.59,46.9,21.64,23.4,18.37,117.2,18.1,164.1,13.75
221,2357.33,2400.0,46.9,43.7,70.3,32.11,93.8,27.54,23.4,25.83,187.5,13.86
222,2368.0,2410.67,46.9,54.72,70.3,36.41,93.8,24.76,23.4,23.94,117.2,20.1
223,2378.67,2421.33,46.9,50.96,70.3,39.9,93.8,27.58,117.2,19.27,23.4,17.68
224,2389.33,2432.0,70.3,50.74,46.9,36.47,93.8,31.27,187.5,14.86,164.1,12.33
225,2400.0,2442.67,187.5,22.87,46.9,22.42,93.8,21.65,70.3,19.36,164.1,14.58
226,2410.67,2453.33,187.5,22.92,164.1,22.87,117.2,20.86,93.8,18.72,23.4,13.57
227,2421.33,2464.0,46.9,27.67,23.4,26.27,70.3,22.41,117.2,21.19,140.6,20.88
228,2432.0,2474.67,46.9,56.45,23.4,41.74,70.3,18.76,187.5,11.33,117.2,10.7
229,2442.67,2485.33,46.9,74.78,70.3,45.99,23.4,43.73,93.8,19.35,117.2,12.89
230,2453.33,2496.0,46.9,66.69,70.3,38.86,23.4,33.29,117.2,14.18,93.8,10.9
231,2464.0,2506.67,46.9,40.7,70.3,35.45,23.4,18.76,93.8,9.67,140.6,9.53
232,2474.67,2517.33,70.3,28.49,46.9,22.21,93.8,12.69,234.4,10.64,117.2,10.45
233,2485.33,2528.0,46.9,40.29,70.3,29.07,23.4,18.73,93.8,11.98,187.5,11.78
234,2496.0,2538.67,46.9,54.51,70.3,48.21,23.4,25.14,93.8,21.24,187.5,10.88
235,2506.67,2549.33,46.9,42.42,23.4,25.97,93.8,25.59,70.3,23.38,281.2,9.86
236,2517.33,2560.0,46.9,32.88,70.3,21.9,93.8,20.49,23.4,17.6,187.5,14.05
237,2528.0,2570.67,46.9,32.25,70.3,31.14,187.5,20.34,164.1,15.94,257.8,14.46
238,2538.67,2581.33,46.9,36.14,70.3,22.79,187.5,22.68,257.8,15.13,281.2,15.08
239,2549.33,2592.0,46.9,34.19,187.5,27.04,70.3,25.37,23.4,20.17,140.6,14.0
240,2560.0,2602.67,187.5,33.57,70.3,32.16,164.1,26.68,23.4,21.48,93.8,19.02
241,2570.67,2613.33,70.3,49.54,46.9,46.77,23.4,32.54,187.5,31.42,93.8,26.68
242,2581.33,2624.0,46.9,66.08,23.4,45.26,70.3,29.45,187.5,24.98,93.8,19.7
243,2592.0,2634.67,46.9,68.43,23.4,49.28,70.3,23.72,187.5,20.09,93.8,14.33
244,2602.67,2645.33,46.9,69.93,23.4,41.42,70.3,41.18,187.5,19.75,328.1,14.78
245,2613.33,2656.0,46.9,46.39,70.3,37.07,164.1,22.04,23.4,21.85,187.5,21.58
246,2624.0,2666.67,70.3,33.7,46.9,20.87,187.5,18.96,93.8,17.76,117.2,12.75
247,2634.67,2677.33,70.3,21.29,93.8,17.72,187.5,15.47,117.2,12.64,46.9,10.95
248,2645.33,2688.0,187.5,23.67,164.1,22.38,70.3,19.09,117.2,14.75,140.6,13.49
249,2656.0,2698.67,187.5,28.94,70.3,27.64,93.8,27.08,210.9,19.49,164.1,15.8
250,2666.67,2709.33,70.3,35.83,93.8,28.65,187.5,21.71,46.9,19.03,23.4,17.02
251,2677.33,2720.0,93.8,29.08,46.9,27.47,23.4,24.05,70.3,19.37,164.1,17.81
252,2688.0,2730.67,46.9,33.99,23.4,27.95,70.3,22.69,187.5,17.41,93.8,15.21
253,2698.67,2741.33,46.9,53.41,23.4,33.95,70.3,17.46,187.5,13.44,140.6,10.74
254,2709.33,2752.0,46.9,66.98,23.4,44.23,70.3,37.2,93.8,13.71,187.5,12.57
255,2720.0,2762.67,46.9,48.62,23.4,44.59,70.3,42.47,93.8,19.82,187.5,15.74
256,2730.67,2773.33,23.4,39.07,70.3,27.52,93.8,18.63,46.9,16.64,210.9,11.83
257,2741.33,2784.0,23.4,40.87,46.9,37.8,70.3,21.25,187.5,13.72,164.1,11.22
258,2752.0,2794.67,23.4,41.61,46.9,27.28,93.8,19.14,164.1,18.7,187.5,18.36
259,2762.67,2805.33,46.9,40.55,23.4,39.19,93.8,21.9,164.1,14.74,117.2,14.45
260,2773.33,2816.0,46.9,44.04,93.8,41.69,70.3,38.11,23.4,34.32,117.2,22.37
261,2784.0,2826.67,93.8,49.8,117.2,45.54,23.4,26.49,70.3,22.55,140.6,21.4
262,2794.67,2837.33,93.8,38.62,117.2,34.3,23.4,21.35,46.9,19.07,164.1,14.29
263,2805.33,2848.0,93.8,30.88,70.3,27.51,46.9,23.22,117.2,21.42,23.4,20.52
264,2816.0,2858.67,70.3,24.27,23.4,18.48,117.2,18.19,164.1,15.3,46.9,12.53
265,2826.67,2869.33,46.9,37.74,70.3,30.63,23.4,30.13,93.8,14.89,164.1,13.29
266,2837.33,2880.0,23.4,41.9,70.3,27.24,93.8,26.59,46.9,25.35,117.2,11.56
267,2848.0,2890.67,46.9,54.55,70.3,50.21,23.4,42.58,93.8,36.07,117.2,14.6
268,2858.67,2901.33,46.9,44.5,70.3,43.65,23.4,38.03,93.8,32.47,140.6,15.19
269,2869.33,2912.0,23.4,35.62,46.9,35.61,70.3,33.41,93.8,26.8,117.2,24.75
270,2880.0,2922.67,46.9,67.99,23.4,39.61,70.3,37.65,140.6,22.81,187.5,12.58
271,2890.67,2933.33,46.9,68.77,70.3,42.54,23.4,41.47,187.5,18.12,164.1,15.9
272,2901.33,2944.0,46.9,41.39,23.4,29.71,70.3,27.62,187.5,15.79,117.2,10.27
273,2912.0,2954.67,187.5,17.15,117.2,13.29,93.8,12.58,46.9,12.14,23.4,10.79
274,2922.67,2965.33,187.5,23.4,70.3,18.52,93.8,17.23,164.1,15.37,46.9,14.68
275,2933.33,2976.0,46.9,40.94,70.3,29.18,23.4,25.85,187.5,22.79,164.1,19.65
276,2944.0,2986.67,46.9,59.56,23.4,41.16,70.3,16.52,140.6,15.8,187.5,14.25
277,2954.67,2997.33,46.9,70.86,70.3,44.96,23.4,44.54,93.8,15.09,140.6,13.63
278,2965.33,3008.0,46.9,51.38,70.3,39.72,23.4,31.51,93.8,18.17,398.4,10.95
279,2976.0,3018.67,70.3,24.98,375.0,20.05,46.9,18.54,140.6,18.34,398.4,17.34
280,2986.67,3029.33,70.3,31.88,46.9,27.06,140.6,19.37,93.8,18.23,375.0,18.11
281,2997.33,3040.0,46.9,23.72,117.2,22.05,70.3,19.34,93.8,17.4,375.0,14.84
282,3008.0,3050.67,46.9,20.27,70.3,19.06,117.2,11.68,140.6,11.58,375.0,10.54
283,3018.67,3061.33,46.9,46.99,70.3,38.22,23.4,23.61,164.1,12.94,187.5,12.86
284,3029.33,3072.0,70.3,56.57,46.9,53.93,93.8,33.39,23.4,25.39,117.2,18.85
285,3040.0,3082.67,93.8,34.97,70.3,30.49,46.9,25.11,281.2,21.09,23.4,18.86
286,3050.67,3093.33,281.2,19.4,398.4,16.62,375.0,16.6,257.8,15.31,164.1,13.31
287,3061.33,3104.0,46.9,26.12,23.4,23.24,70.3,16.1,140.6,13.32,351.6,13.06
288,3072.0,3114.67,46.9,51.46,70.3,35.79,23.4,31.21,93.8,14.93,117.2,10.39
289,3082.67,3125.33,46.9,46.09,70.3,34.53,93.8,27.27,23.4,26.85,140.6,11.62
290,3093.33,3136.0,117.2,34.82,140.6,27.31,93.8,25.39,46.9,23.92,164.1,20.55
291,3104.0,3146.67,117.2,25.33,164.1,24.65,140.6,22.89,93.8,21.65,70.3,20.63
292,3114.67,3157.33,46.9,20.03,70.3,19.62,375.0,12.61,93.8,12.09,117.2,11.1
293,3125.33,3168.0,46.9,22.23,70.3,19.6,93.8,19.57,117.2,19.57,23.4,18.07
294,3136.0,3178.67,23.4,22.42,140.6,21.43,164.1,20.49,187.5,18.31,281.2,17.59
295,3146.67,3189.33,46.9,35.4,23.4,29.43,70.3,25.35,281.2,20.11,187.5,17.49
296,3157.33,3200.0,46.9,42.22,23.4,35.68,93.8,25.04,70.3,24.45,281.2,18.89
297,3168.0,3210.67,46.9,33.64,23.4,25.37,93.8,18.66,281.2,14.63,70.3,14.12
298,3178.67,3221.33,70.3,41.15,46.9,36.18,281.2,15.1,304.7,13.7,187.5,12.14
299,3189.33,3232.0,46.9,74.55,70.3,57.63,23.4,40.5,187.5,20.84,164.1,14.63
300,3200.0,3242.67,46.9,100.0,70.3,69.01,23.4,50.38,187.5,23.88,210.9,15.99
301,3210.67,3253.33,46.9,75.79,70.3,64.68,23.4,36.0,93.8,22.27,187.5,20.53
302,3221.33,3264.0,46.9,39.04,93.8,34.18,117.2,17.37,164.1,17.37,23.4,16.57
303,3232.0,3274.67,117.2,32.45,46.9,29.18,70.3,26.31,93.8,25.31,140.6,17.49
304,3242.67,3285.33,46.9,35.89,117.2,25.57,70.3,25.26,304.7,22.13,140.6,19.86
305,3253.33,3296.0,46.9,30.96,70.3,29.49,117.2,23.12,140.6,20.32,304.7,15.42
306,3264.0,3306.67,46.9,25.35,93.8,24.83,70.3,24.0,117.2,21.6,304.7,15.41
307,3274.67,3317.33,46.9,46.24,93.8,36.7,70.3,28.0,23.4,26.45,117.2,19.64
308,3285.33,3328.0,46.9,58.07,70.3,47.43,93.8,42.01,23.4,34.49,117.2,28.43
309,3296.0,3338.67,46.9,38.73,23.4,31.8,117.2,23.88,93.8,22.44,281.2,13.39
310,3306.67,3349.33,23.4,26.69,93.8,20.52,187.5,18.85,164.1,15.86,70.3,14.7
311,3317.33,3360.0,46.9,32.23,23.4,30.69,140.6,18.46,164.1,17.5,187.5,17.47
312,3328.0,3370.67,46.9,56.06,23.4,39.41,70.3,27.41,140.6,24.43,117.2,16.49
313,3338.67,3381.33,46.9,63.77,23.4,38.51,70.3,31.31,117.2,27.24,93.8,16.91
314,3349.33,3392.0,46.9,54.24,70.3,32.66,23.4,24.35,117.2,17.55,93.8,17.41
315,3360.0,3402.67,46.9,47.19,70.3,26.65,187.5,18.08,164.1,15.28,23.4,15.17
316,3370.67,3413.33,46.9,45.53,70.3,29.67,23.4,23.91,93.8,15.29,117.2,13.87
317,3381.33,3424.0,46.9,44.57,23.4,24.04,93.8,13.13,117.2,12.63,70.3,11.41
318,3392.0,3434.67,46.9,60.03,70.3,32.62,23.4,31.77,281.2,13.5,117.2,13.14
319,3402.67,3445.33,46.9,76.23,70.3,56.76,23.4,40.27,164.1,19.84,281.2,19.26
320,3413.33,3456.0,46.9,54.22,70.3,39.49,23.4,34.78,93.8,21.46,304.7,19.71
321,3424.0,3466.67,46.9,20.2,281.2,18.59,257.8,15.39,23.4,13.66,304.7,11.59
322,3434.67,3477.33,46.9,17.35,140.6,14.88,70.3,13.25,164.1,13.15,187.5,12.9
323,3445.33,3488.0,46.9,30.69,140.6,20.97,70.3,18.39,23.4,18.16,117.2,13.79
324,3456.0,3498.67,46.9,43.15,23.4,22.76,70.3,16.87,140.6,16.4,117.2,13.37
325,3466.67,3509.33,46.9,56.37,70.3,40.32,23.4,31.08,93.8,15.75,164.1,12.49
326,3477.33,3520.0,46.9,47.05,23.4,35.73,70.3,27.29,93.8,22.13,164.1,13.75
327,3488.0,3530.67,23.4,34.87,46.9,32.26,117.2,17.73,140.6,12.92,187.5,10.38
328,3498.67,3541.33,46.9,55.45,23.4,35.2,70.3,28.82,140.6,13.29,93.8,12.56
329,3509.33,3552.0,46.9,67.52,70.3,39.85,23.4,37.87,93.8,16.6,164.1,13.82
330,3520.0,3562.67,46.9,63.23,23.4,45.51,70.3,13.33,93.8,13.27,187.5,11.5
331,3530.67,3573.33,46.9,75.91,23.4,52.7,70.3,26.62,117.2,19.24,187.5,16.77
332,3541.33,3584.0,46.9,91.34,70.3,56.75,23.4,52.47,93.8,24.73,117.2,21.11
333,3552.0,3594.67,46.9,80.39,23.4,45.38,70.3,39.31,187.5,17.18,93.8,10.0
334,3562.67,3605.33,46.9,45.9,23.4,38.46,70.3,33.26,187.5,19.05,93.8,16.31
335,3573.33,3616.0,23.4,37.39,46.9,29.57,70.3,23.83,93.8,21.93,304.7,19.12
336,3584.0,3626.67,46.9,55.38,23.4,47.38,70.3,19.58,304.7,15.55,281.2,15.21
337,3594.67,3637.33,46.9,67.73,23.4,55.24,70.3,20.88,304.7,13.93,281.2,12.27
338,3605.33,3648.0,46.9,80.19,23.4,49.13,70.3,39.13,281.2,14.92,257.8,11.88
339,3616.0,3658.67,46.9,77.89,70.3,45.03,23.4,34.79,281.2,10.8,187.5,9.56
340,3626.67,3669.33,46.9,62.16,70.3,46.39,23.4,28.69,93.8,22.89,117.2,16.42
341,3637.33,3680.0,46.9,44.76,23.4,30.76,93.8,25.97,117.2,23.67,140.6,16.94
342,3648.0,3690.67,46.9,56.1,23.4,36.65,70.3,30.73,140.6,17.29,164.1,14.37
343,3658.67,3701.33,46.9,67.39,23.4,44.57,70.3,34.53,93.8,9.12,281.2,8.65
344,3669.33,3712.0,46.9,54.6,23.4,40.63,70.3,21.66,187.5,9.46,164.1,9.19
345,3680.0,3722.67,70.3,40.24,23.4,28.51,93.8,23.7,164.1,15.06,46.9,13.81
346,3690.67,3733.33,70.3,59.13,46.9,44.39,93.8,37.77,23.4,29.93,164.1,14.68
347,3701.33,3744.0,46.9,57.14,70.3,46.86,23.4,26.99,93.8,23.63,187.5,9.96
348,3712.0,3754.67,46.9,36.46,23.4,20.14,70.3,14.08,93.8,10.27,117.2,8.41
349,3722.67,3765.33,70.3,22.96,23.4,14.02,46.9,13.77,93.8,8.39,140.6,6.56
350,3733.33,3776.0,46.9,28.7,70.3,27.37,23.4,23.8,93.8,9.13,304.7,8.92
351,3744.0,3786.67,46.9,42.24,23.4,39.92,70.3,16.5,93.8,8.68,234.4,7.53
352,3754.67,3797.33,23.4,47.18,46.9,42.74,93.8,14.97,70.3,11.43,164.1,9.32
353,3765.33,3808.0,46.9,51.15,23.4,47.51,93.8,23.6,117.2,13.51,164.1,10.19
354,3776.0,3818.67,46.9,62.19,70.3,48.85,93.8,38.08,23.4,35.15,117.2,20.69
355,3786.67,3829.33,46.9,48.61,70.3,41.3,117.2,23.76,93.8,21.51,23.4,18.14
356,3797.33,3840.0,70.3,26.4,46.9,24.9,140.6,12.22,164.1,11.63,93.8,10.98
357,3808.0,3850.67,46.9,24.41,70.3,23.62,164.1,14.19,281.2,9.31,140.6,9.25
358,3818.67,3861.33,70.3,30.24,46.9,27.01,164.1,13.84,93.8,13.59,187.5,11.96
359,3829.33,3872.0,70.3,35.14,46.9,30.81,140.6,13.91,93.8,12.82,210.9,11.57
360,3840.0,3882.67,46.9,37.86,23.4,25.04,93.8,23.75,117.2,18.08,234.4,10.64
361,3850.67,3893.33,46.9,55.2,70.3,37.4,23.4,31.51,93.8,16.93,140.6,11.95
362,3861.33,3904.0,46.9,69.06,70.3,46.76,23.4,29.55,93.8,13.86,117.2,11.38
363,3872.0,3914.67,46.9,66.57,70.3,38.39,23.4,30.11,117.2,10.01,93.8,8.28
364,3882.67,3925.33,46.9,49.55,70.3,36.74,23.4,29.4,93.8,17.19,164.1,11.34
365,3893.33,3936.0,46.9,32.06,93.8,21.86,23.4,20.88,164.1,13.51,187.5,9.46
366,3904.0,3946.67,46.9,43.53,70.3,38.55,23.4,14.24,93.8,13.26,328.1,8.5
367,3914.67,3957.33,46.9,57.12,70.3,45.45,23.4,23.97,93.8,10.87,140.6,9.99
368,3925.33,3968.0,46.9,47.92,23.4,32.03,70.3,26.66,93.8,16.05,140.6,15.02
369,3936.0,3978.67,23.4,33.19,46.9,31.98,117.2,19.57,140.6,15.17,93.8,13.65
370,3946.67,3989.33,46.9,41.92,23.4,36.42,93.8,17.83,140.6,13.19,70.3,10.47
371,3957.33,4000.0,46.9,65.64,70.3,47.89,23.4,39.29,93.8,22.35,140.6,10.18
372,3968.0,4010.67,46.9,59.98,23.4,37.28,70.3,31.69,93.8,24.02,140.6,13.39
373,3978.67,4021.33,46.9,49.68,23.4,32.18,70.3,16.29,140.6,15.36,93.8,12.87
374,3989.33,4032.0,46.9,57.02,70.3,37.1,23.4,27.95,140.6,16.37,164.1,11.46
375,4000.0,4042.67,46.9,42.77,70.3,36.23,23.4,25.28,93.8,21.91,117.2,13.85
376,4010.67,4053.33,23.4,21.7,46.9,16.32,70.3,14.94,93.8,9.72,398.4,6.7
377,4021.33,4064.0,46.9,35.73,70.3,25.24,23.4,22.98,257.8,9.57,93.8,8.9
378,4032.0,4074.67,46.9,46.99,70.3,32.01,23.4,28.42,93.8,11.66,281.2,11.34
379,4042.67,4085.33,46.9,32.97,23.4,31.02,187.5,13.93,70.3,12.66,281.2,12.49
380,4053.33,4096.0,23.4,34.09,46.9,27.08,281.2,11.04,187.5,10.76,70.3,10.47
381,4064.0,4106.67,46.9,63.33,70.3,45.4,23.4,39.17,93.8,21.21,140.6,7.92
382,4074.67,4117.33,46.9,76.16,70.3,53.01,23.4,38.0,93.8,21.9,140.6,11.46
383,4085.33,4128.0,46.9,61.07,23.4,30.63,70.3,25.41,117.2,17.7,140.6,8.33
384,4096.0,4138.67,46.9,52.27,70.3,27.84,23.4,26.75,117.2,21.59,140.6,17.04
385,4106.67,4149.33,46.9,49.86,23.4,26.69,117.2,21.77,93.8,19.88,70.3,18.86
386,4117.33,4160.0,46.9,54.71,70.3,30.37,23.4,25.46,93.8,13.6,117.2,11.76
387,4128.0,4170.67,46.9,65.96,70.3,41.36,23.4,28.97,117.2,15.23,93.8,10.86
388,4138.67,4181.33,46.9,60.79,70.3,42.52,23.4,33.67,93.8,17.85,140.6,17.7
389,4149.33,4192.0,46.9,42.41,23.4,26.06,93.8,17.76,140.6,14.79,117.2,11.6
390,4160.0,4202.67,70.3,35.13,46.9,29.78,93.8,23.87,140.6,16.41,164.1,13.26
391,4170.67,4213.33,46.9,29.31,70.3,23.47,140.6,20.04,117.2,19.84,93.8,18.3
392,4181.33,4224.0,23.4,27.73,46.9,24.11,140.6,13.08,164.1,10.25,117.2,7.58
393,4192.0,4234.67,46.9,40.29,23.4,32.33,70.3,23.63,187.5,13.17,93.8,12.91
394,4202.67,4245.33,46.9,35.94,23.4,30.08,70.3,24.77,187.5,15.15,164.1,11.15
395,4213.33,4256.0,23.4,23.82,70.3,18.52,187.5,10.56,93.8,8.38,46.9,6.43
396,4224.0,4266.67,23.4,27.28,46.9,26.02,93.8,20.02,70.3,17.03,117.2,14.33
397,4234.67,4277.33,23.4,41.96,46.9,36.18,117.2,17.86,93.8,16.27,70.3,13.69
398,4245.33,4288.0,46.9,67.86,23.4,51.57,70.3,34.15,117.2,14.98,304.7,11.17
399,4256.0,4298.67,46.9,75.44,23.4,48.46,70.3,37.62,140.6,14.82,117.2,13.12
400,4266.67,4309.33,46.9,62.38,23.4,32.56,70.3,23.58,93.8,9.82,117.2,9.59
401,4277.33,4320.0,46.9,51.85,70.3,34.61,23.4,25.01,93.8,17.84,281.2,11.52
402,4288.0,4330.67,46.9,35.46,23.4,27.36,93.8,23.26,70.3,16.17,117.2,14.24
403,4298.67,4341.33,23.4,27.3,46.9,19.63,117.2,19.63,93.8,16.46,187.5,12.51
